system_id,compression_method,layer_policy,batch_size,lines,chrf,bleu,processor_load_seconds,model_load_seconds,generation_seconds,generation_seconds_per_line,end_to_end_seconds,nvidia_peak_vram_mib,torch_peak_allocated_mib,artifact_bytes,artifact_gib,valid_line_count,output
baseline-bf16,none,all BF16,8,32,27.90000090955304,32.09819782958222,4.527383277999888,5.5886403039999095,45.890436525999576,1.4340761414374867,56.02217015500037,25366,24626.6875,24414181813,22.73747866321355,True,/home/paperspace/projects/wmt26-layeraware-compression/results/predictions/baseline-bf16.cmp32.txt
iwslt-storage-codec-q3,Quantize q3 + Zstd,144 text MLP projections storage-coded; decoded BF16,8,32,27.65946581443981,31.796451328229505,4.825722134999978,26.973209149000013,46.42431587300007,1.4507598710312521,78.23919570699991,25400,24636.7216796875,15521547822,14.455567879602313,True,/home/paperspace/projects/wmt26-layeraware-compression/results/predictions/iwslt-storage-codec-q3.cmp32.txt
layeraware-native-mlp-q4,BitsAndBytes NF4/BF16,144 text MLP projections q4; rest BF16,8,32,28.098186575638245,32.318035004819095,4.58623955899975,17.675295348999953,72.22738050399994,2.257105640749998,94.50595971700022,13298,12645.35107421875,11804446040,10.99374707788229,True,/home/paperspace/projects/wmt26-layeraware-compression/results/predictions/layeraware-native-mlp-q4.cmp32.txt
organizer-bnb-q4,BitsAndBytes NF4,global q4,8,32,27.645730791231383,31.94905923944354,4.572893954999927,12.757253030000356,76.14580927299994,2.379556539781248,93.49292851100017,12194,9368.0302734375,8353809477,7.780091349966824,True,/home/paperspace/projects/wmt26-layeraware-compression/results/predictions/organizer-bnb-q4.cmp32.txt
organizer-bnb-q8,BitsAndBytes int8,global q8,8,32,27.69784042716231,31.827719223769734,4.669490185000086,31.000768526999764,125.69614806500022,3.9280046270312567,161.3823325469998,16092,15585.95947265625,13250249250,12.340256245806813,True,/home/paperspace/projects/wmt26-layeraware-compression/results/predictions/organizer-bnb-q8.cmp32.txt
